path	top_level	second_level	extension	bytes	size
New assets/buildings/aegis/building.aegis.advanced-energy.png	New assets	buildings	.png	2468508	2.4 MB
New assets/buildings/aegis/building.aegis.advanced-factory.png	New assets	buildings	.png	2148037	2.0 MB
New assets/buildings/aegis/building.aegis.bank.png	New assets	buildings	.png	2052769	2.0 MB
New assets/buildings/aegis/building.aegis.basic-energy.png	New assets	buildings	.png	2019385	1.9 MB
New assets/buildings/aegis/building.aegis.construction.png	New assets	buildings	.png	1908961	1.8 MB
New assets/buildings/aegis/building.aegis.galactic-obelisk.png	New assets	buildings	.png	2161264	2.1 MB
New assets/buildings/aegis/building.aegis.gas-production-1.png	New assets	buildings	.png	1782710	1.7 MB
New assets/buildings/aegis/building.aegis.gas-production-2.png	New assets	buildings	.png	2322285	2.2 MB
New assets/buildings/aegis/building.aegis.gas-storage.png	New assets	buildings	.png	2504929	2.4 MB
New assets/buildings/aegis/building.aegis.hangar.png	New assets	buildings	.png	2057864	2.0 MB
New assets/buildings/aegis/building.aegis.metal-production-1.png	New assets	buildings	.png	1869939	1.8 MB
New assets/buildings/aegis/building.aegis.metal-production-2.png	New assets	buildings	.png	2035221	1.9 MB
New assets/buildings/aegis/building.aegis.metal-production-3.png	New assets	buildings	.png	2599214	2.5 MB
New assets/buildings/aegis/building.aegis.metal-storage.png	New assets	buildings	.png	2392030	2.3 MB
New assets/buildings/aegis/building.aegis.mineral-production-1.png	New assets	buildings	.png	587130	573.4 KB
New assets/buildings/aegis/building.aegis.mineral-production-2.png	New assets	buildings	.png	875007	854.5 KB
New assets/buildings/aegis/building.aegis.mineral-storage.png	New assets	buildings	.png	2307360	2.2 MB
New assets/buildings/aegis/building.aegis.planetary-government.png	New assets	buildings	.png	2368654	2.3 MB
New assets/buildings/aegis/building.aegis.recycling.png	New assets	buildings	.png	2103409	2.0 MB
New assets/buildings/aegis/building.aegis.research.png	New assets	buildings	.png	1983244	1.9 MB
New assets/buildings/aegis/building.aegis.shipyard.png	New assets	buildings	.png	2389898	2.3 MB
New assets/buildings/aegis/building.aegis.spaceport.png	New assets	buildings	.png	1970144	1.9 MB
New assets/buildings/aegis/building.aegis.supreme-galactic-gates.png	New assets	buildings	.png	2294709	2.2 MB
New assets/buildings/aegis/building.aegis.trade-center.png	New assets	buildings	.png	2278174	2.2 MB
New assets/buildings/synod/building.synod.advanced-energy.png	New assets	buildings	.png	2566612	2.4 MB
New assets/buildings/synod/building.synod.advanced-factory.png	New assets	buildings	.png	2780968	2.7 MB
New assets/buildings/synod/building.synod.bank.png	New assets	buildings	.png	2731946	2.6 MB
New assets/buildings/synod/building.synod.basic-energy.png	New assets	buildings	.png	2565397	2.4 MB
New assets/buildings/synod/building.synod.construction.png	New assets	buildings	.png	2253222	2.1 MB
New assets/buildings/synod/building.synod.galactic-obelisk.png	New assets	buildings	.png	2320459	2.2 MB
New assets/buildings/synod/building.synod.gas-production-1.png	New assets	buildings	.png	2557369	2.4 MB
New assets/buildings/synod/building.synod.gas-production-2.png	New assets	buildings	.png	2733225	2.6 MB
New assets/buildings/synod/building.synod.gas-storage.png	New assets	buildings	.png	2765126	2.6 MB
New assets/buildings/synod/building.synod.hangar.png	New assets	buildings	.png	2383045	2.3 MB
New assets/buildings/synod/building.synod.metal-production-1.png	New assets	buildings	.png	2179545	2.1 MB
New assets/buildings/synod/building.synod.metal-production-2.png	New assets	buildings	.png	2454856	2.3 MB
New assets/buildings/synod/building.synod.metal-production-3.png	New assets	buildings	.png	2729658	2.6 MB
New assets/buildings/synod/building.synod.metal-storage.png	New assets	buildings	.png	2663537	2.5 MB
New assets/buildings/synod/building.synod.mineral-production-1.png	New assets	buildings	.png	2493613	2.4 MB
New assets/buildings/synod/building.synod.mineral-production-2.png	New assets	buildings	.png	2778500	2.6 MB
New assets/buildings/synod/building.synod.mineral-storage.png	New assets	buildings	.png	2602296	2.5 MB
New assets/buildings/synod/building.synod.planetary-government.png	New assets	buildings	.png	2776940	2.6 MB
New assets/buildings/synod/building.synod.recycling.png	New assets	buildings	.png	2408583	2.3 MB
New assets/buildings/synod/building.synod.research.png	New assets	buildings	.png	2478666	2.4 MB
New assets/buildings/synod/building.synod.shipyard.png	New assets	buildings	.png	2677697	2.6 MB
New assets/buildings/synod/building.synod.spaceport.png	New assets	buildings	.png	2301470	2.2 MB
New assets/buildings/synod/building.synod.supreme-galactic-gates.png	New assets	buildings	.png	2812191	2.7 MB
New assets/buildings/synod/building.synod.trade-center.png	New assets	buildings	.png	2392739	2.3 MB
New assets/buildings/veyra/building.veyra.advanced-energy.png	New assets	buildings	.png	2719450	2.6 MB
New assets/buildings/veyra/building.veyra.advanced-factory.png	New assets	buildings	.png	2549723	2.4 MB
New assets/buildings/veyra/building.veyra.bank.png	New assets	buildings	.png	2637813	2.5 MB
New assets/buildings/veyra/building.veyra.basic-energy.png	New assets	buildings	.png	2407863	2.3 MB
New assets/buildings/veyra/building.veyra.construction.png	New assets	buildings	.png	2215196	2.1 MB
New assets/buildings/veyra/building.veyra.galactic-obelisk.png	New assets	buildings	.png	2594727	2.5 MB
New assets/buildings/veyra/building.veyra.gas-production-1.png	New assets	buildings	.png	2222667	2.1 MB
New assets/buildings/veyra/building.veyra.gas-production-2.png	New assets	buildings	.png	2889375	2.8 MB
New assets/buildings/veyra/building.veyra.gas-storage.png	New assets	buildings	.png	2371697	2.3 MB
New assets/buildings/veyra/building.veyra.hangar.png	New assets	buildings	.png	2675728	2.6 MB
New assets/buildings/veyra/building.veyra.metal-production-1.png	New assets	buildings	.png	2315081	2.2 MB
New assets/buildings/veyra/building.veyra.metal-production-2.png	New assets	buildings	.png	2692337	2.6 MB
New assets/buildings/veyra/building.veyra.metal-production-3.png	New assets	buildings	.png	3087461	2.9 MB
New assets/buildings/veyra/building.veyra.metal-storage.png	New assets	buildings	.png	2419841	2.3 MB
New assets/buildings/veyra/building.veyra.mineral-production-1.png	New assets	buildings	.png	2484544	2.4 MB
New assets/buildings/veyra/building.veyra.mineral-production-2.png	New assets	buildings	.png	2345972	2.2 MB
New assets/buildings/veyra/building.veyra.mineral-storage.png	New assets	buildings	.png	2474497	2.4 MB
New assets/buildings/veyra/building.veyra.planetary-government.png	New assets	buildings	.png	2623954	2.5 MB
New assets/buildings/veyra/building.veyra.recycling.png	New assets	buildings	.png	2530927	2.4 MB
New assets/buildings/veyra/building.veyra.research.png	New assets	buildings	.png	2576818	2.5 MB
New assets/buildings/veyra/building.veyra.shipyard.png	New assets	buildings	.png	2661787	2.5 MB
New assets/buildings/veyra/building.veyra.spaceport.png	New assets	buildings	.png	2688826	2.6 MB
New assets/buildings/veyra/building.veyra.supreme-galactic-gates.png	New assets	buildings	.png	2706403	2.6 MB
New assets/buildings/veyra/building.veyra.trade-center.png	New assets	buildings	.png	2295891	2.2 MB
New assets/comander_ship/commander-ship.annihilator.png	New assets	comander_ship	.png	918233	896.7 KB
New assets/comander_ship/commander-ship.argo.png	New assets	comander_ship	.png	986965	963.8 KB
New assets/comander_ship/commander-ship.corsair.png	New assets	comander_ship	.png	888316	867.5 KB
New assets/comander_ship/commander-ship.executioner.png	New assets	comander_ship	.png	682871	666.9 KB
New assets/comander_ship/commander-ship.hunter.png	New assets	comander_ship	.png	731028	713.9 KB
New assets/comander_ship/commander-ship.judge.png	New assets	comander_ship	.png	930861	909.0 KB
New assets/comander_ship/commander-ship.juggernaut.png	New assets	comander_ship	.png	979512	956.6 KB
New assets/comander_ship/commander-ship.phantom.png	New assets	comander_ship	.png	927621	905.9 KB
New assets/comander_ship/commander-ship.polias.png	New assets	comander_ship	.png	1045552	1021.0 KB
New assets/comander_ship/commander-ship.reanimator.png	New assets	comander_ship	.png	946397	924.2 KB
New assets/comander_ship/commander-ship.scorpion.png	New assets	comander_ship	.png	857290	837.2 KB
New assets/comander_ship/commander-ship.typhoon.png	New assets	comander_ship	.png	723654	706.7 KB
New assets/comander_ship/commander-ship.viper.png	New assets	comander_ship	.png	896740	875.7 KB
New assets/defenses/aegis/defense.aegis.ballistic-turret.png	New assets	defenses	.png	1425146	1.4 MB
New assets/defenses/aegis/defense.aegis.ion-plasma-battery.png	New assets	defenses	.png	1475939	1.4 MB
New assets/defenses/aegis/defense.aegis.ion-turret.png	New assets	defenses	.png	1235976	1.2 MB
New assets/defenses/aegis/defense.aegis.laser-ion-battery.png	New assets	defenses	.png	1397071	1.3 MB
New assets/defenses/aegis/defense.aegis.laser-turret.png	New assets	defenses	.png	1126502	1.1 MB
New assets/defenses/aegis/defense.aegis.planetary-shield.png	New assets	defenses	.png	2173440	2.1 MB
New assets/defenses/aegis/defense.aegis.plasma-laser-battery.png	New assets	defenses	.png	1316107	1.3 MB
New assets/defenses/aegis/defense.aegis.plasma-turret.png	New assets	defenses	.png	1266039	1.2 MB
New assets/defenses/aegis/defense.aegis.tower-shield.png	New assets	defenses	.png	961196	938.7 KB
New assets/defenses/synod/defense.synod.defense-matrix.png	New assets	defenses	.png	1458930	1.4 MB
New assets/defenses/synod/defense.synod.ion-matrix.png	New assets	defenses	.png	1078883	1.0 MB
New assets/defenses/synod/defense.synod.ion-plasma-matrix.png	New assets	defenses	.png	1756877	1.7 MB
New assets/defenses/synod/defense.synod.laser-ion-matrix.png	New assets	defenses	.png	1647936	1.6 MB
New assets/defenses/synod/defense.synod.laser-matrix.png	New assets	defenses	.png	1540458	1.5 MB
New assets/defenses/synod/defense.synod.matrix-shield.png	New assets	defenses	.png	2239991	2.1 MB
New assets/defenses/synod/defense.synod.planetary-matrix.png	New assets	defenses	.png	1738198	1.7 MB
New assets/defenses/synod/defense.synod.plasma-laser-matrix.png	New assets	defenses	.png	1344250	1.3 MB
New assets/defenses/synod/defense.synod.plasma-matrix.png	New assets	defenses	.png	1431834	1.4 MB
New assets/defenses/veyra/defense.veyra.chitin-shield.png	New assets	defenses	.png	1882058	1.8 MB
New assets/defenses/veyra/defense.veyra.ion-plasma-turret.png	New assets	defenses	.png	1371343	1.3 MB
New assets/defenses/veyra/defense.veyra.ion-weave.png	New assets	defenses	.png	1441996	1.4 MB
New assets/defenses/veyra/defense.veyra.laser-ion-turret.png	New assets	defenses	.png	1370070	1.3 MB
New assets/defenses/veyra/defense.veyra.laser-matter.png	New assets	defenses	.png	1592984	1.5 MB
New assets/defenses/veyra/defense.veyra.nox-archer.png	New assets	defenses	.png	1367916	1.3 MB
New assets/defenses/veyra/defense.veyra.plasma-laser-turret.png	New assets	defenses	.png	1416731	1.4 MB
New assets/defenses/veyra/defense.veyra.plasma-weave.png	New assets	defenses	.png	1695194	1.6 MB
New assets/defenses/veyra/defense.veyra.surface-shield.png	New assets	defenses	.png	2540420	2.4 MB
New assets/ship/aegis/ship.aegis.battleship.png	New assets	ship	.png	1124902	1.1 MB
New assets/ship/aegis/ship.aegis.bomber.png	New assets	ship	.png	1557600	1.5 MB
New assets/ship/aegis/ship.aegis.colonizer.png	New assets	ship	.png	1318387	1.3 MB
New assets/ship/aegis/ship.aegis.cruiser.png	New assets	ship	.png	1250659	1.2 MB
New assets/ship/aegis/ship.aegis.death-star.png	New assets	ship	.png	1799659	1.7 MB
New assets/ship/aegis/ship.aegis.defender.png	New assets	ship	.png	1432637	1.4 MB
New assets/ship/aegis/ship.aegis.destroyer.png	New assets	ship	.png	1237973	1.2 MB
New assets/ship/aegis/ship.aegis.mega-transporter.png	New assets	ship	.png	1360322	1.3 MB
New assets/ship/aegis/ship.aegis.recycler.png	New assets	ship	.png	1418980	1.4 MB
New assets/ship/aegis/ship.aegis.scout.png	New assets	ship	.png	847435	827.6 KB
New assets/ship/aegis/ship.aegis.solar-satellite.png	New assets	ship	.png	823337	804.0 KB
New assets/ship/aegis/ship.aegis.spy-probe.png	New assets	ship	.png	481395	470.1 KB
New assets/ship/aegis/ship.aegis.transporter.png	New assets	ship	.png	1197674	1.1 MB
New assets/ship/synod/ship.synod.bomberbot.png	New assets	ship	.png	1082089	1.0 MB
New assets/ship/synod/ship.synod.cargo-bot.png	New assets	ship	.png	1374422	1.3 MB
New assets/ship/synod/ship.synod.colonizer-bot.png	New assets	ship	.png	782264	763.9 KB
New assets/ship/synod/ship.synod.fighter.png	New assets	ship	.png	896158	875.2 KB
New assets/ship/synod/ship.synod.goliath.png	New assets	ship	.png	1508626	1.4 MB
New assets/ship/synod/ship.synod.interceptor.png	New assets	ship	.png	854428	834.4 KB
New assets/ship/synod/ship.synod.large-cargo-bot.png	New assets	ship	.png	1514016	1.4 MB
New assets/ship/synod/ship.synod.recycler.png	New assets	ship	.png	1135575	1.1 MB
New assets/ship/synod/ship.synod.shield-bot.png	New assets	ship	.png	1312775	1.3 MB
New assets/ship/synod/ship.synod.solar-satellite.png	New assets	ship	.png	1347805	1.3 MB
New assets/ship/synod/ship.synod.spy-bot.png	New assets	ship	.png	1031477	1007.3 KB
New assets/ship/synod/ship.synod.star-armada.png	New assets	ship	.png	1445080	1.4 MB
New assets/ship/synod/ship.synod.titan.png	New assets	ship	.png	1581660	1.5 MB
New assets/ship/veyra/ship.veyra.absorber.png	New assets	ship	.png	1493024	1.4 MB
New assets/ship/veyra/ship.veyra.bomber.png	New assets	ship	.png	1405882	1.3 MB
New assets/ship/veyra/ship.veyra.ghost.png	New assets	ship	.png	1102010	1.1 MB
New assets/ship/veyra/ship.veyra.hornet.png	New assets	ship	.png	1555084	1.5 MB
New assets/ship/veyra/ship.veyra.mega-transporter.png	New assets	ship	.png	1499060	1.4 MB
New assets/ship/veyra/ship.veyra.nemesis.png	New assets	ship	.png	879455	858.8 KB
New assets/ship/veyra/ship.veyra.nox-dart.png	New assets	ship	.png	745521	728.0 KB
New assets/ship/veyra/ship.veyra.nox-mind.png	New assets	ship	.png	250136	244.3 KB
New assets/ship/veyra/ship.veyra.nox-queen.png	New assets	ship	.png	1476208	1.4 MB
New assets/ship/veyra/ship.veyra.organic-satellite.png	New assets	ship	.png	1170516	1.1 MB
New assets/ship/veyra/ship.veyra.recycler-drone.png	New assets	ship	.png	1418024	1.4 MB
New assets/ship/veyra/ship.veyra.settler.png	New assets	ship	.png	1199412	1.1 MB
New assets/ship/veyra/ship.veyra.transporter.png	New assets	ship	.png	1247559	1.2 MB
New assets/technologies/qa-edges-dark-light.png	New assets	technologies	.png	10204030	9.7 MB
New assets/technologies/technology.shared.astronomy.png	New assets	technologies	.png	2116348	2.0 MB
New assets/technologies/technology.shared.chemistry.png	New assets	technologies	.png	2139893	2.0 MB
New assets/technologies/technology.shared.computer-systems.png	New assets	technologies	.png	2094163	2.0 MB
New assets/technologies/technology.shared.critical-hit.png	New assets	technologies	.png	2110148	2.0 MB
New assets/technologies/technology.shared.ecology.png	New assets	technologies	.png	2243834	2.1 MB
New assets/technologies/technology.shared.espionage.png	New assets	technologies	.png	2098847	2.0 MB
New assets/technologies/technology.shared.fuel-cells.png	New assets	technologies	.png	1995229	1.9 MB
New assets/technologies/technology.shared.heavy-armor.png	New assets	technologies	.png	2144409	2.0 MB
New assets/technologies/technology.shared.hyperspace.png	New assets	technologies	.png	2034565	1.9 MB
New assets/technologies/technology.shared.improved-construction.png	New assets	technologies	.png	1921354	1.8 MB
New assets/technologies/technology.shared.ion-science.png	New assets	technologies	.png	2007774	1.9 MB
New assets/technologies/technology.shared.jet-engines.png	New assets	technologies	.png	1910266	1.8 MB
New assets/technologies/technology.shared.laser-science.png	New assets	technologies	.png	1880000	1.8 MB
New assets/technologies/technology.shared.light-armor.png	New assets	technologies	.png	1999537	1.9 MB
New assets/technologies/technology.shared.maneuver-defense.png	New assets	technologies	.png	1957862	1.9 MB
New assets/technologies/technology.shared.mathematics.png	New assets	technologies	.png	1825150	1.7 MB
New assets/technologies/technology.shared.medium-armor.png	New assets	technologies	.png	1927942	1.8 MB
New assets/technologies/technology.shared.parallel-universes.png	New assets	technologies	.png	1965942	1.9 MB
New assets/technologies/technology.shared.physics.png	New assets	technologies	.png	2052221	2.0 MB
New assets/technologies/technology.shared.piercing-attack.png	New assets	technologies	.png	1941245	1.9 MB
New assets/technologies/technology.shared.plasma-science.png	New assets	technologies	.png	2041258	1.9 MB
New assets/technologies/technology.shared.ship-armor.png	New assets	technologies	.png	2092710	2.0 MB
README.md	README.md		.md	800	800 B
faction-delivery-v1/PACKAGE_NOTES.md	faction-delivery-v1	PACKAGE_NOTES.md	.md	4883	4.8 KB
faction-delivery-v1/building_sheets/aegis_bank_sheet.png	faction-delivery-v1	building_sheets	.png	1107269	1.1 MB
faction-delivery-v1/building_sheets/aegis_command_center_sheet.png	faction-delivery-v1	building_sheets	.png	808407	789.5 KB
faction-delivery-v1/building_sheets/aegis_crystal_refinery_sheet.png	faction-delivery-v1	building_sheets	.png	819899	800.7 KB
faction-delivery-v1/building_sheets/aegis_crystal_vault_sheet.png	faction-delivery-v1	building_sheets	.png	1138328	1.1 MB
faction-delivery-v1/building_sheets/aegis_defense_platform_sheet.png	faction-delivery-v1	building_sheets	.png	776820	758.6 KB
faction-delivery-v1/building_sheets/aegis_gas_extractor_sheet.png	faction-delivery-v1	building_sheets	.png	887720	866.9 KB
faction-delivery-v1/building_sheets/aegis_gas_reservoir_sheet.png	faction-delivery-v1	building_sheets	.png	1207314	1.2 MB
faction-delivery-v1/building_sheets/aegis_hydroponics_dome_sheet.png	faction-delivery-v1	building_sheets	.png	1233996	1.2 MB
faction-delivery-v1/building_sheets/aegis_metal_extractor_sheet.png	faction-delivery-v1	building_sheets	.png	885989	865.2 KB
faction-delivery-v1/building_sheets/aegis_missile_battery_sheet.png	faction-delivery-v1	building_sheets	.png	1127727	1.1 MB
faction-delivery-v1/building_sheets/aegis_ore_processor_sheet.png	faction-delivery-v1	building_sheets	.png	1231389	1.2 MB
faction-delivery-v1/building_sheets/aegis_research_lab_sheet.png	faction-delivery-v1	building_sheets	.png	754665	737.0 KB
faction-delivery-v1/building_sheets/aegis_robotics_factory_sheet.png	faction-delivery-v1	building_sheets	.png	1286851	1.2 MB
faction-delivery-v1/building_sheets/aegis_shield_generator_sheet.png	faction-delivery-v1	building_sheets	.png	946991	924.8 KB
faction-delivery-v1/building_sheets/aegis_shipyard_sheet.png	faction-delivery-v1	building_sheets	.png	736580	719.3 KB
faction-delivery-v1/building_sheets/aegis_solar_plant_sheet.png	faction-delivery-v1	building_sheets	.png	979670	956.7 KB
faction-delivery-v1/building_sheets/aegis_storage_hub_sheet.png	faction-delivery-v1	building_sheets	.png	833669	814.1 KB
faction-delivery-v1/building_sheets/aegis_water_processor_sheet.png	faction-delivery-v1	building_sheets	.png	1324608	1.3 MB
faction-delivery-v1/building_sheets/synod_bank_sheet.png	faction-delivery-v1	building_sheets	.png	943479	921.4 KB
faction-delivery-v1/building_sheets/synod_command_center_sheet.png	faction-delivery-v1	building_sheets	.png	1134998	1.1 MB
faction-delivery-v1/building_sheets/synod_crystal_refinery_sheet.png	faction-delivery-v1	building_sheets	.png	997788	974.4 KB
faction-delivery-v1/building_sheets/synod_crystal_vault_sheet.png	faction-delivery-v1	building_sheets	.png	895983	875.0 KB
faction-delivery-v1/building_sheets/synod_defense_platform_sheet.png	faction-delivery-v1	building_sheets	.png	1021844	997.9 KB
faction-delivery-v1/building_sheets/synod_gas_extractor_sheet.png	faction-delivery-v1	building_sheets	.png	958278	935.8 KB
faction-delivery-v1/building_sheets/synod_gas_reservoir_sheet.png	faction-delivery-v1	building_sheets	.png	962634	940.1 KB
faction-delivery-v1/building_sheets/synod_hydroponics_dome_sheet.png	faction-delivery-v1	building_sheets	.png	1126733	1.1 MB
faction-delivery-v1/building_sheets/synod_metal_extractor_sheet.png	faction-delivery-v1	building_sheets	.png	1102998	1.1 MB
faction-delivery-v1/building_sheets/synod_missile_battery_sheet.png	faction-delivery-v1	building_sheets	.png	913278	891.9 KB
faction-delivery-v1/building_sheets/synod_ore_processor_sheet.png	faction-delivery-v1	building_sheets	.png	997315	973.9 KB
faction-delivery-v1/building_sheets/synod_research_lab_sheet.png	faction-delivery-v1	building_sheets	.png	1202956	1.1 MB
faction-delivery-v1/building_sheets/synod_robotics_factory_sheet.png	faction-delivery-v1	building_sheets	.png	1036881	1012.6 KB
faction-delivery-v1/building_sheets/synod_shield_generator_sheet.png	faction-delivery-v1	building_sheets	.png	936896	914.9 KB
faction-delivery-v1/building_sheets/synod_shipyard_sheet.png	faction-delivery-v1	building_sheets	.png	1049358	1.0 MB
faction-delivery-v1/building_sheets/synod_solar_plant_sheet.png	faction-delivery-v1	building_sheets	.png	907329	886.1 KB
faction-delivery-v1/building_sheets/synod_storage_hub_sheet.png	faction-delivery-v1	building_sheets	.png	951278	929.0 KB
faction-delivery-v1/building_sheets/synod_water_processor_sheet.png	faction-delivery-v1	building_sheets	.png	941542	919.5 KB
faction-delivery-v1/building_sheets/veyra_bank_sheet.png	faction-delivery-v1	building_sheets	.png	1168061	1.1 MB
faction-delivery-v1/building_sheets/veyra_command_center_sheet.png	faction-delivery-v1	building_sheets	.png	914975	893.5 KB
faction-delivery-v1/building_sheets/veyra_crystal_refinery_sheet.png	faction-delivery-v1	building_sheets	.png	1292742	1.2 MB
faction-delivery-v1/building_sheets/veyra_crystal_vault_sheet.png	faction-delivery-v1	building_sheets	.png	1132170	1.1 MB
faction-delivery-v1/building_sheets/veyra_defense_platform_sheet.png	faction-delivery-v1	building_sheets	.png	886244	865.5 KB
faction-delivery-v1/building_sheets/veyra_gas_extractor_sheet.png	faction-delivery-v1	building_sheets	.png	756781	739.0 KB
faction-delivery-v1/building_sheets/veyra_gas_reservoir_sheet.png	faction-delivery-v1	building_sheets	.png	1203886	1.1 MB
faction-delivery-v1/building_sheets/veyra_hydroponics_dome_sheet.png	faction-delivery-v1	building_sheets	.png	1134141	1.1 MB
faction-delivery-v1/building_sheets/veyra_metal_extractor_sheet.png	faction-delivery-v1	building_sheets	.png	1013479	989.7 KB
faction-delivery-v1/building_sheets/veyra_missile_battery_sheet.png	faction-delivery-v1	building_sheets	.png	1137470	1.1 MB
faction-delivery-v1/building_sheets/veyra_ore_processor_sheet.png	faction-delivery-v1	building_sheets	.png	1107729	1.1 MB
faction-delivery-v1/building_sheets/veyra_research_lab_sheet.png	faction-delivery-v1	building_sheets	.png	857247	837.2 KB
faction-delivery-v1/building_sheets/veyra_robotics_factory_sheet.png	faction-delivery-v1	building_sheets	.png	1364451	1.3 MB
faction-delivery-v1/building_sheets/veyra_shield_generator_sheet.png	faction-delivery-v1	building_sheets	.png	1183420	1.1 MB
faction-delivery-v1/building_sheets/veyra_shipyard_sheet.png	faction-delivery-v1	building_sheets	.png	1051103	1.0 MB
faction-delivery-v1/building_sheets/veyra_solar_plant_sheet.png	faction-delivery-v1	building_sheets	.png	745467	728.0 KB
faction-delivery-v1/building_sheets/veyra_storage_hub_sheet.png	faction-delivery-v1	building_sheets	.png	891177	870.3 KB
faction-delivery-v1/building_sheets/veyra_water_processor_sheet.png	faction-delivery-v1	building_sheets	.png	1244469	1.2 MB
faction-delivery-v1/previews/assets_preview_all.png	faction-delivery-v1	previews	.png	2807531	2.7 MB
faction-delivery-v1/previews/ships_overview.png	faction-delivery-v1	previews	.png	794087	775.5 KB
faction-delivery-v1/ships/aegis_bomber_ship.png	faction-delivery-v1	ships	.png	830612	811.1 KB
faction-delivery-v1/ships/aegis_cargo_ship.png	faction-delivery-v1	ships	.png	1033134	1008.9 KB
faction-delivery-v1/ships/aegis_colony_ship.png	faction-delivery-v1	ships	.png	1145491	1.1 MB
faction-delivery-v1/ships/aegis_fighter_ship.png	faction-delivery-v1	ships	.png	1155780	1.1 MB
faction-delivery-v1/ships/aegis_frigate_ship.png	faction-delivery-v1	ships	.png	1010929	987.2 KB
faction-delivery-v1/ships/aegis_goliath_ship.png	faction-delivery-v1	ships	.png	1033928	1009.7 KB
faction-delivery-v1/ships/aegis_interceptor_ship.png	faction-delivery-v1	ships	.png	568228	554.9 KB
faction-delivery-v1/ships/aegis_large_cargo_ship.png	faction-delivery-v1	ships	.png	882231	861.6 KB
faction-delivery-v1/ships/aegis_recycler_ship.png	faction-delivery-v1	ships	.png	973681	950.9 KB
faction-delivery-v1/ships/aegis_scout_ship.png	faction-delivery-v1	ships	.png	851794	831.8 KB
faction-delivery-v1/ships/aegis_shield_bot_ship.png	faction-delivery-v1	ships	.png	952001	929.7 KB
faction-delivery-v1/ships/aegis_solar_satellite_ship.png	faction-delivery-v1	ships	.png	736814	719.5 KB
faction-delivery-v1/ships/aegis_titan_ship.png	faction-delivery-v1	ships	.png	1104245	1.1 MB
faction-delivery-v1/ships/synod_bomber_ship.png	faction-delivery-v1	ships	.png	928164	906.4 KB
faction-delivery-v1/ships/synod_cargo_ship.png	faction-delivery-v1	ships	.png	1203747	1.1 MB
faction-delivery-v1/ships/synod_colony_ship.png	faction-delivery-v1	ships	.png	1351533	1.3 MB
faction-delivery-v1/ships/synod_fighter_ship.png	faction-delivery-v1	ships	.png	1105181	1.1 MB
faction-delivery-v1/ships/synod_frigate_ship.png	faction-delivery-v1	ships	.png	947736	925.5 KB
faction-delivery-v1/ships/synod_goliath_ship.png	faction-delivery-v1	ships	.png	1086724	1.0 MB
faction-delivery-v1/ships/synod_interceptor_ship.png	faction-delivery-v1	ships	.png	575404	561.9 KB
faction-delivery-v1/ships/synod_large_cargo_ship.png	faction-delivery-v1	ships	.png	870524	850.1 KB
faction-delivery-v1/ships/synod_recycler_ship.png	faction-delivery-v1	ships	.png	1099511	1.0 MB
faction-delivery-v1/ships/synod_scout_ship.png	faction-delivery-v1	ships	.png	725782	708.8 KB
faction-delivery-v1/ships/synod_shield_bot_ship.png	faction-delivery-v1	ships	.png	772101	754.0 KB
faction-delivery-v1/ships/synod_solar_satellite_ship.png	faction-delivery-v1	ships	.png	1063897	1.0 MB
faction-delivery-v1/ships/synod_titan_ship.png	faction-delivery-v1	ships	.png	1249813	1.2 MB
faction-delivery-v1/ships/veyra_bomber_ship.png	faction-delivery-v1	ships	.png	814292	795.2 KB
faction-delivery-v1/ships/veyra_cargo_ship.png	faction-delivery-v1	ships	.png	1334801	1.3 MB
faction-delivery-v1/ships/veyra_colony_ship.png	faction-delivery-v1	ships	.png	1363570	1.3 MB
faction-delivery-v1/ships/veyra_fighter_ship.png	faction-delivery-v1	ships	.png	974699	951.9 KB
faction-delivery-v1/ships/veyra_frigate_ship.png	faction-delivery-v1	ships	.png	1159073	1.1 MB
faction-delivery-v1/ships/veyra_goliath_ship.png	faction-delivery-v1	ships	.png	946452	924.3 KB
faction-delivery-v1/ships/veyra_interceptor_ship.png	faction-delivery-v1	ships	.png	636335	621.4 KB
faction-delivery-v1/ships/veyra_large_cargo_ship.png	faction-delivery-v1	ships	.png	1237835	1.2 MB
faction-delivery-v1/ships/veyra_recycler_ship.png	faction-delivery-v1	ships	.png	1084019	1.0 MB
faction-delivery-v1/ships/veyra_scout_ship.png	faction-delivery-v1	ships	.png	937359	915.4 KB
faction-delivery-v1/ships/veyra_shield_bot_ship.png	faction-delivery-v1	ships	.png	699270	682.9 KB
faction-delivery-v1/ships/veyra_solar_satellite_ship.png	faction-delivery-v1	ships	.png	761996	744.1 KB
faction-delivery-v1/ships/veyra_titan_ship.png	faction-delivery-v1	ships	.png	1000037	976.6 KB
faction-delivery-v1/territories/industry-terrain.png	faction-delivery-v1	territories	.png	2791019	2.7 MB
faction-delivery-v1/territories/military-terrain.png	faction-delivery-v1	territories	.png	2884510	2.8 MB
faction-delivery-v1/territories/resource-terrain.png	faction-delivery-v1	territories	.png	3494229	3.3 MB
faction-delivery-v1/ui/aegis_active_tab.png	faction-delivery-v1	ui	.png	101250	98.9 KB
faction-delivery-v1/ui/aegis_panel_frame.png	faction-delivery-v1	ui	.png	605711	591.5 KB
faction-delivery-v1/ui/aegis_primary_button.png	faction-delivery-v1	ui	.png	206823	202.0 KB
faction-delivery-v1/ui/synod_active_tab.png	faction-delivery-v1	ui	.png	98551	96.2 KB
faction-delivery-v1/ui/synod_panel_frame.png	faction-delivery-v1	ui	.png	725070	708.1 KB
faction-delivery-v1/ui/synod_primary_button.png	faction-delivery-v1	ui	.png	205558	200.7 KB
faction-delivery-v1/ui/veyra_active_tab.png	faction-delivery-v1	ui	.png	135268	132.1 KB
faction-delivery-v1/ui/veyra_panel_frame.png	faction-delivery-v1	ui	.png	1160722	1.1 MB
faction-delivery-v1/ui/veyra_primary_button.png	faction-delivery-v1	ui	.png	241393	235.7 KB
generated-factions-v1/factions/aegis_card_bg.png	generated-factions-v1	factions	.png	1826428	1.7 MB
generated-factions-v1/factions/aegis_emblem.png	generated-factions-v1	factions	.png	183927	179.6 KB
generated-factions-v1/factions/aegis_hero.png	generated-factions-v1	factions	.png	1423863	1.4 MB
generated-factions-v1/factions/synod_card_bg.png	generated-factions-v1	factions	.png	1787855	1.7 MB
generated-factions-v1/factions/synod_emblem.png	generated-factions-v1	factions	.png	284232	277.6 KB
generated-factions-v1/factions/synod_hero.png	generated-factions-v1	factions	.png	1285647	1.2 MB
generated-factions-v1/factions/veyra_card_bg.png	generated-factions-v1	factions	.png	2161018	2.1 MB
generated-factions-v1/factions/veyra_emblem.png	generated-factions-v1	factions	.png	349067	340.9 KB
generated-factions-v1/factions/veyra_hero.png	generated-factions-v1	factions	.png	1377097	1.3 MB
generated-factions-v1/previews/faction_contact_sheet.png	generated-factions-v1	previews	.png	1787832	1.7 MB
starter/asteroids/asteroid_common_01.png	starter	asteroids	.png	866397	846.1 KB
starter/asteroids/asteroid_common_02.png	starter	asteroids	.png	570828	557.4 KB
starter/asteroids/asteroid_common_03.png	starter	asteroids	.png	923236	901.6 KB
starter/asteroids/asteroid_common_04.png	starter	asteroids	.png	585503	571.8 KB
starter/asteroids/asteroid_gas_01.png	starter	asteroids	.png	888193	867.4 KB
starter/asteroids/asteroid_gas_02.png	starter	asteroids	.png	1258964	1.2 MB
starter/asteroids/asteroid_metal_01.png	starter	asteroids	.png	964212	941.6 KB
starter/asteroids/asteroid_metal_02.png	starter	asteroids	.png	1018790	994.9 KB
starter/backgrounds/galaxy_background.png	starter	backgrounds	.png	2727739	2.6 MB
starter/backgrounds/system_background.png	starter	backgrounds	.png	2043160	1.9 MB
starter/buildings/command_center_sheet.png	starter	buildings	.png	879717	859.1 KB
starter/buildings/crystal_refinery_sheet.png	starter	buildings	.png	1087674	1.0 MB
starter/buildings/defense_platform_sheet.png	starter	buildings	.png	1057054	1.0 MB
starter/buildings/gas_extractor_sheet.png	starter	buildings	.png	897879	876.8 KB
starter/buildings/metal_extractor_sheet.png	starter	buildings	.png	1063839	1.0 MB
starter/buildings/research_lab_sheet.png	starter	buildings	.png	499630	487.9 KB
starter/buildings/shipyard_sheet.png	starter	buildings	.png	1030178	1006.0 KB
starter/buildings/solar_plant_sheet.png	starter	buildings	.png	973703	950.9 KB
starter/factions/aegis_card_bg.png	starter	factions	.png	2090504	2.0 MB
starter/factions/aegis_emblem.png	starter	factions	.png	256796	250.8 KB
starter/factions/aegis_hero.png	starter	factions	.png	1030852	1006.7 KB
starter/factions/synod_card_bg.png	starter	factions	.png	1948742	1.9 MB
starter/factions/synod_emblem.png	starter	factions	.png	235635	230.1 KB
starter/factions/synod_hero.png	starter	factions	.png	891225	870.3 KB
starter/factions/veyra_card_bg.png	starter	factions	.png	1719143	1.6 MB
starter/factions/veyra_emblem.png	starter	factions	.png	153326	149.7 KB
starter/factions/veyra_hero.png	starter	factions	.png	929426	907.6 KB
starter/manifest.md	starter	manifest.md	.md	2282	2.2 KB
starter/pirates/pirate_base.png	starter	pirates	.png	723152	706.2 KB
starter/pirates/pirate_heavy_ship.png	starter	pirates	.png	750916	733.3 KB
starter/pirates/pirate_outpost.png	starter	pirates	.png	731148	714.0 KB
starter/pirates/pirate_raider.png	starter	pirates	.png	646097	631.0 KB
starter/planets/planet_barren_rocky.png	starter	planets	.png	883686	863.0 KB
starter/planets/planet_colonized.png	starter	planets	.png	945000	922.9 KB
starter/planets/planet_desert.png	starter	planets	.png	889933	869.1 KB
starter/planets/planet_gas_giant.png	starter	planets	.png	798695	780.0 KB
starter/planets/planet_ice.png	starter	planets	.png	890527	869.7 KB
starter/planets/planet_oceanic.png	starter	planets	.png	961698	939.2 KB
starter/planets/planet_terran.png	starter	planets	.png	855907	835.8 KB
starter/planets/planet_toxic.png	starter	planets	.png	923649	902.0 KB
starter/planets/planet_volcanic.png	starter	planets	.png	1079473	1.0 MB
starter/preview/asset_pack_overview.png	starter	preview	.png	1846125	1.8 MB
starter/ships/cargo_ship.png	starter	ships	.png	806695	787.8 KB
starter/ships/colony_ship.png	starter	ships	.png	880957	860.3 KB
starter/ships/fighter_ship.png	starter	ships	.png	825565	806.2 KB
starter/ships/frigate_ship.png	starter	ships	.png	1016197	992.4 KB
starter/ships/recycler_ship.png	starter	ships	.png	743259	725.8 KB
starter/ships/scout_ship.png	starter	ships	.png	580769	567.2 KB
starter/stars/star_blue.png	starter	stars	.png	1044871	1020.4 KB
starter/stars/star_green.png	starter	stars	.png	909756	888.4 KB
starter/stars/star_orange.png	starter	stars	.png	841979	822.2 KB
starter/stars/star_red.png	starter	stars	.png	832556	813.0 KB
starter/stars/star_white.png	starter	stars	.png	793770	775.2 KB
starter/stars/star_yellow.png	starter	stars	.png	862954	842.7 KB
universe-navigation/active-suns/active-sun.variant-01.png	universe-navigation	active-suns	.png	2249323	2.1 MB
universe-navigation/active-suns/active-sun.variant-02.png	universe-navigation	active-suns	.png	1858832	1.8 MB
universe-navigation/active-suns/active-sun.variant-03.png	universe-navigation	active-suns	.png	1790505	1.7 MB
universe-navigation/active-suns/active-sun.variant-04.png	universe-navigation	active-suns	.png	1416766	1.4 MB
universe-navigation/active-suns/active-sun.variant-05.png	universe-navigation	active-suns	.png	1834955	1.7 MB
universe-navigation/active-suns/active-sun.variant-06.png	universe-navigation	active-suns	.png	1743756	1.7 MB
universe-navigation/active-suns/active-sun.variant-07.png	universe-navigation	active-suns	.png	1611908	1.5 MB
universe-navigation/active-suns/active-sun.variant-08.png	universe-navigation	active-suns	.png	1234379	1.2 MB
universe-navigation/asteroids/asteroid.variant-01.png	universe-navigation	asteroids	.png	1566036	1.5 MB
universe-navigation/asteroids/asteroid.variant-02.png	universe-navigation	asteroids	.png	1714463	1.6 MB
universe-navigation/asteroids/asteroid.variant-03.png	universe-navigation	asteroids	.png	1856236	1.8 MB
universe-navigation/asteroids/asteroid.variant-04.png	universe-navigation	asteroids	.png	1351637	1.3 MB
universe-navigation/asteroids/asteroid.variant-05.png	universe-navigation	asteroids	.png	1574002	1.5 MB
universe-navigation/asteroids/asteroid.variant-06.png	universe-navigation	asteroids	.png	1864993	1.8 MB
universe-navigation/asteroids/asteroid.variant-07.png	universe-navigation	asteroids	.png	1798957	1.7 MB
universe-navigation/asteroids/asteroid.variant-08.png	universe-navigation	asteroids	.png	1886476	1.8 MB
universe-navigation/debris/debris.variant-01.png	universe-navigation	debris	.png	1332196	1.3 MB
universe-navigation/debris/debris.variant-02.png	universe-navigation	debris	.png	1538438	1.5 MB
universe-navigation/debris/debris.variant-03.png	universe-navigation	debris	.png	1275381	1.2 MB
universe-navigation/debris/debris.variant-04.png	universe-navigation	debris	.png	1395728	1.3 MB
universe-navigation/debris/debris.variant-05.png	universe-navigation	debris	.png	1190654	1.1 MB
universe-navigation/debris/debris.variant-06.png	universe-navigation	debris	.png	1035387	1011.1 KB
universe-navigation/galaxies/galaxy.nebula-01.png	universe-navigation	galaxies	.png	1080925	1.0 MB
universe-navigation/galaxies/galaxy.nebula-02.png	universe-navigation	galaxies	.png	1182425	1.1 MB
universe-navigation/galaxies/galaxy.nebula-03.png	universe-navigation	galaxies	.png	1007477	983.9 KB
universe-navigation/galaxies/galaxy.nebula-04.png	universe-navigation	galaxies	.png	1278531	1.2 MB
universe-navigation/galaxies/galaxy.nebula-05.png	universe-navigation	galaxies	.png	993028	969.8 KB
universe-navigation/galaxies/galaxy.nebula-06.png	universe-navigation	galaxies	.png	1545175	1.5 MB
universe-navigation/galaxies/galaxy.nebula-07.png	universe-navigation	galaxies	.png	1417419	1.4 MB
universe-navigation/galaxies/galaxy.nebula-08.png	universe-navigation	galaxies	.png	1592032	1.5 MB
universe-navigation/galaxies/galaxy.nebula-09.png	universe-navigation	galaxies	.png	1682904	1.6 MB
universe-navigation/galaxies/galaxy.nebula-10.png	universe-navigation	galaxies	.png	1929222	1.8 MB
universe-navigation/galaxies/galaxy.nebula-11.png	universe-navigation	galaxies	.png	1476643	1.4 MB
universe-navigation/galaxies/galaxy.nebula-12.png	universe-navigation	galaxies	.png	1366320	1.3 MB
universe-navigation/galaxies/galaxy.nebula-13.png	universe-navigation	galaxies	.png	1340162	1.3 MB
universe-navigation/galaxies/galaxy.nebula-14.png	universe-navigation	galaxies	.png	1634533	1.6 MB
universe-navigation/galaxies/galaxy.nebula-15.png	universe-navigation	galaxies	.png	1295974	1.2 MB
universe-navigation/galaxies/galaxy.nebula-16.png	universe-navigation	galaxies	.png	1377562	1.3 MB
universe-navigation/galaxies/galaxy.nebula-17.png	universe-navigation	galaxies	.png	528958	516.6 KB
universe-navigation/galaxies/galaxy.nebula-18.png	universe-navigation	galaxies	.png	1642434	1.6 MB
universe-navigation/galaxies/galaxy.nebula-19.png	universe-navigation	galaxies	.png	1440170	1.4 MB
universe-navigation/galaxies/galaxy.nebula-20.png	universe-navigation	galaxies	.png	1930169	1.8 MB
universe-navigation/markers/marker.variant-01.png	universe-navigation	markers	.png	373112	364.4 KB
universe-navigation/markers/marker.variant-02.png	universe-navigation	markers	.png	254725	248.8 KB
universe-navigation/planets/planet.variant-01.png	universe-navigation	planets	.png	1638263	1.6 MB
universe-navigation/planets/planet.variant-02.png	universe-navigation	planets	.png	2290657	2.2 MB
universe-navigation/planets/planet.variant-03.png	universe-navigation	planets	.png	2120019	2.0 MB
universe-navigation/planets/planet.variant-04.png	universe-navigation	planets	.png	1919730	1.8 MB
universe-navigation/planets/planet.variant-05.png	universe-navigation	planets	.png	2084393	2.0 MB
universe-navigation/planets/planet.variant-06.png	universe-navigation	planets	.png	1146616	1.1 MB
universe-navigation/planets/planet.variant-07.png	universe-navigation	planets	.png	2003819	1.9 MB
universe-navigation/planets/planet.variant-08.png	universe-navigation	planets	.png	2253126	2.1 MB
universe-navigation/planets/planet.variant-09.png	universe-navigation	planets	.png	2139620	2.0 MB
universe-navigation/planets/planet.variant-10.png	universe-navigation	planets	.png	1981698	1.9 MB
universe-navigation/planets/planet.variant-11.png	universe-navigation	planets	.png	1699746	1.6 MB
universe-navigation/planets/planet.variant-12.png	universe-navigation	planets	.png	2551091	2.4 MB
universe-navigation/planets/planet.variant-13.png	universe-navigation	planets	.png	1790991	1.7 MB
universe-navigation/planets/planet.variant-14.png	universe-navigation	planets	.png	1372656	1.3 MB
universe-navigation/planets/planet.variant-15.png	universe-navigation	planets	.png	1333953	1.3 MB
universe-navigation/planets/planet.variant-16.png	universe-navigation	planets	.png	1887131	1.8 MB
universe-navigation/planets/planet.variant-17.png	universe-navigation	planets	.png	2028683	1.9 MB
universe-navigation/planets/planet.variant-18.png	universe-navigation	planets	.png	1991896	1.9 MB
universe-navigation/planets/planet.variant-19.png	universe-navigation	planets	.png	2336087	2.2 MB
universe-navigation/planets/planet.variant-20.png	universe-navigation	planets	.png	2070188	2.0 MB
universe-navigation/planets/planet.variant-21.png	universe-navigation	planets	.png	2232440	2.1 MB
universe-navigation/planets/planet.variant-22.png	universe-navigation	planets	.png	2311191	2.2 MB
universe-navigation/planets/planet.variant-23.png	universe-navigation	planets	.png	2133502	2.0 MB
universe-navigation/planets/planet.variant-24.png	universe-navigation	planets	.png	2136894	2.0 MB
universe-navigation/protostars/protostar.variant-01.png	universe-navigation	protostars	.png	1028561	1004.5 KB
universe-navigation/protostars/protostar.variant-02.png	universe-navigation	protostars	.png	829947	810.5 KB
universe-navigation/renegades/renegade.variant-01.png	universe-navigation	renegades	.png	1107697	1.1 MB
universe-navigation/renegades/renegade.variant-02.png	universe-navigation	renegades	.png	1311501	1.3 MB
universe-navigation/renegades/renegade.variant-03.png	universe-navigation	renegades	.png	853611	833.6 KB
universe-navigation/renegades/renegade.variant-04.png	universe-navigation	renegades	.png	1408020	1.3 MB
universe-navigation/renegades/renegade.variant-05.png	universe-navigation	renegades	.png	1262635	1.2 MB
universe-navigation/renegades/renegade.variant-06.png	universe-navigation	renegades	.png	1083098	1.0 MB
universe-navigation/stellar-remnants/stellar-remnant.variant-01.png	universe-navigation	stellar-remnants	.png	854123	834.1 KB
universe-navigation/stellar-remnants/stellar-remnant.variant-02.png	universe-navigation	stellar-remnants	.png	456691	446.0 KB
universe-navigation/system-stars/system-star.variant-01.png	universe-navigation	system-stars	.png	662112	646.6 KB
universe-navigation/system-stars/system-star.variant-02.png	universe-navigation	system-stars	.png	2004974	1.9 MB
universe-navigation/system-stars/system-star.variant-03.png	universe-navigation	system-stars	.png	1853409	1.8 MB
universe-navigation/system-stars/system-star.variant-04.png	universe-navigation	system-stars	.png	1262710	1.2 MB
universe-navigation/system-stars/system-star.variant-05.png	universe-navigation	system-stars	.png	1550510	1.5 MB
universe-navigation/system-stars/system-star.variant-06.png	universe-navigation	system-stars	.png	1226531	1.2 MB
universe-navigation/system-stars/system-star.variant-07.png	universe-navigation	system-stars	.png	1044641	1020.2 KB
universe-navigation/system-stars/system-star.variant-08.png	universe-navigation	system-stars	.png	836180	816.6 KB
universe-navigation/system-stars/system-star.variant-09.png	universe-navigation	system-stars	.png	1109966	1.1 MB
universe-navigation/system-stars/system-star.variant-10.png	universe-navigation	system-stars	.png	955266	932.9 KB
universe-navigation/system-stars/system-star.variant-11.png	universe-navigation	system-stars	.png	1589445	1.5 MB
universe-navigation/system-stars/system-star.variant-12.png	universe-navigation	system-stars	.png	1498830	1.4 MB
